{
  "project_info": {
    "project_number": "468932037659",
    "project_id": "antrigo-8b87c",
    "storage_bucket": "antrigo-8b87c.appspot.com"
  },
  "client": [
    {
      "client_info": {
        "mobilesdk_app_id": "1:468932037659:android:b7c8006a3d55d6bffb3cbe",
        "android_client_info": {
          "package_name": "com.example.antrigo"
        }
      },
      "oauth_client": [
        {
          "client_id": "468932037659-cocpce3936gch0u1apg8ossj4t2i3v8b.apps.googleusercontent.com",
          "client_type": 3
        }
      ],
      "api_key": [
        {
          "current_key": "AIzaSyBchMv9MYWONWwlCLJEG05tHVS3lMU7IS8"
        }
      ],
      "services": {
        "appinvite_service": {
          "other_platform_oauth_client": [
            {
              "client_id": "468932037659-cocpce3936gch0u1apg8ossj4t2i3v8b.apps.googleusercontent.com",
              "client_type": 3
            }
          ]
        }
      }
    }
  ],
  "configuration_version": "1"
}